,交通运输,传媒,公用事业,农林牧渔,医药生物,商贸零售,国防军工,基础化工,家用电器,建筑材料,建筑装饰,房地产,有色金属,机械设备,汽车,煤炭,环保,电力设备,电子,石油石化,社会服务,纺织服饰,综合,美容护理,计算机,轻工制造,通信,钢铁,银行,非银金融,食品饮料
2015-11-30,0.33517700479276624,0.25419576424964524,0.33912368436426354,0.37213853467570535,0.29415547854409063,0.5291819401675588,1.1319167808471216,0.4903564217969269,0.3710406379314863,0.897755603024652,0.6530593630670025,0.38717082522972773,1.46400473466883,1.0962015869130433,0.5683098530071325,0.937181017031004,0.007161866865914465,0.18725934889792425,0.5443181225542191,0.25490571738223394,0.19674105120058766,0.24771644130475054,0.698356605115606,0.07806648639177435,0.5588853171572016,0.7029050222102539,0.5745395566168868,3.510909987276872,0.2969203929769917,-0.32061720588863896,0.3708193829404622
2015-12-31,0.16127117084354664,0.3911928923070071,0.10511369469499747,0.41807872565552806,0.27924504991012544,0.5221494463869769,1.0319977435544072,0.5306847341229243,0.2655063940313772,0.9804196705861667,0.4278347765731763,0.5137159245932365,0.954947905960988,1.103970158337096,0.48060158166211503,0.7546219651824386,0.18575884835931328,0.37298092133906263,0.3307281530534747,0.34055180278960095,0.37117635509491576,0.35939621084245726,0.869181172945364,0.11698170639148266,0.7521672976489757,0.554016114877724,0.929942655272104,0.4952486562458476,0.03889444720233717,-0.7689116508065861,0.28818933941980795
2016-01-31,-0.25587927582581926,-0.2311973295693644,0.2263212071888815,-0.3639003896410173,-0.015870927635002197,-0.04521592660745333,0.45557092796597864,0.25688200965056524,0.17642980237187927,0.21758726846877385,-0.10993609852319725,-0.053354482591012456,1.1583655177949383,0.10683153367886417,0.49493530929836116,0.6384032535114874,-0.6325103273525613,-0.448907637768025,0.3066999109931078,0.17531949011321993,-0.3514075950863448,-0.0526396258574105,-0.08990442035693597,0.2819979860071974,-0.39149145172165306,0.4948257629583065,0.5012149000025659,1.9415694049549235,-0.1255449859274335,0.1345831983713844,0.043585100507341545
2016-02-29,-0.3395088498411049,-0.42643928415111737,-0.06981151417747909,-0.2053582248269244,0.008831753640457601,-0.19153922905819848,0.3007828641314191,0.1268747481308631,-0.10743621630469771,0.4366497016523846,-0.16118990143336145,0.06287262929171006,0.6592205511872614,-0.13554340314865906,-0.027795528148958998,0.7026028105638229,-0.44653008761564006,-0.3510349590723531,-0.17005258406451643,0.24756957289674214,-0.3128201762267252,-0.08878637661076091,0.023529700050087532,0.03595223683651452,-0.46751716372218427,0.11561190202970023,0.3918851101179034,2.2132397153258614,-0.05070773564980241,0.6997992849991093,0.019941368586102654
2016-03-31,0.07440931628389708,-0.04049390374844854,-0.2500590579643136,-0.06782737561688928,-0.05067686531221324,0.2939564958666784,0.6670277269378386,0.2907581587199886,0.1066820037413291,0.4395676160770524,0.10510276841810545,0.056696132655489805,0.9815769226013634,0.8162755006202779,0.027403814520567758,0.6932930008859346,-0.21161735738268286,-0.20629908274582615,0.08611102924405087,0.27123363543623413,-0.2552670582511142,0.17869899907974493,0.2839198156449061,-0.39903749434322056,-0.09014956380467698,0.3453698851889735,0.006294787282759173,0.4643733919021944,0.12103269621808352,1.3861284869504198,0.02722178171088198
2016-04-30,-0.4088766778718479,-0.41027846580441446,-0.14932193137079253,-0.5979191298249094,-0.36472142564412446,-0.22813767445843972,-0.12258505007035636,-0.2820471688543093,-0.09572760384753447,0.07510873361231774,-0.6579427962238127,-0.3019493619917859,0.06845293136933167,-0.6874076860659983,-0.06479196161453094,-0.22867381513101798,-0.6811169302128377,-0.46836459060730884,-0.07066066404526704,-0.10272134474734368,-0.5550046243074411,-0.1223773679481831,-0.10258316253813637,-0.008645771308152514,-0.6889277724929754,-0.35844662524673404,-0.10233470340036974,1.2501024077290264,-0.4009842732646237,-0.3120817714649013,-0.2822928310748988
2016-05-31,-0.16319430981356428,-0.3311208312209247,-0.29865296074242825,-0.4074816433450244,-0.48032337657660285,-0.014810861997283736,-0.10380356207610514,-0.25919195275515783,0.03709748327709548,-0.02444804292599645,-0.4025459968095711,-0.4567003117328084,0.46955867827417425,-0.13322512048899657,0.011672582943752695,-0.053251104235659166,-0.33267914618289735,-0.5951898514417089,0.16738565650461995,-0.04888933472814411,-0.3519481986774994,-0.10649200592154942,-0.1883449003745593,-0.3767401099832786,-0.48319707474089346,-0.5119537519241476,-0.38266749099793007,1.2664998127405516,-0.21792745606894953,0.024743113717165643,-0.28462666536983855
2016-06-30,-0.4913017192420068,-0.8021709645983239,-0.5460157975561558,-0.5622115338833025,-0.3320596370660068,-0.2946445925941134,-0.2244962034403695,-0.07701936768427059,-0.24435299989771292,0.04004000618871009,-0.4540889303175864,-0.2395865443487462,-0.2827903823528583,-0.5453478778688376,-0.17458287986127807,0.16564937904658872,-0.8268680629997864,-0.3715645619481822,0.13767108572480147,0.07047301552888198,-0.786804806473122,-0.2755479829095803,0.08210107440569077,-0.16301640339538492,-0.3916996274085685,-0.40894963083288355,-0.23490591411265238,0.3724099810047308,-0.2143253943818073,-0.43019615675812406,-0.21262943030919726
2016-07-31,-0.22586134994632945,-0.38133775983045926,-0.40177347640705696,-0.2937718019534955,-0.2070191632718588,0.20404479370476847,0.12158186813448388,-0.30310741910855843,0.16279051234501063,0.2520865246786121,-0.22947241315714556,-0.15645179848116303,1.0810083422738042,0.16952013553234607,0.08961174505032556,0.6142040464462731,-0.22963369347613524,-0.24676104809477759,0.3256241332743378,0.12271465958681355,-0.19415471286479857,-0.16462688539004594,0.04607801355403818,-0.3981507444695127,-0.5190682278092327,-0.2397508680498111,-0.2292634029807878,3.2569081971519784,-0.1113338421127639,0.02351800550890404,0.05440409395461446
2016-08-31,-0.05500492442699708,-0.43652347032541766,-0.34788117503716703,-0.26220914187782235,-0.045774850480584744,0.06070597142446735,-0.24847506104219536,-0.3328433061465658,0.05798296341808023,0.3025229315757164,-0.2848389850303023,0.07332794756325561,1.4713835850105847,-0.3728528212896841,0.42462893038834976,0.845303725802519,-0.3141098381297645,-0.13327346053804912,0.28659217667113157,0.22908880188325498,-0.2932798719327208,-0.32005659975632217,0.36421126736069415,-0.5020767621346008,-0.5110453936592056,-0.048118609069466106,-0.1176926156060219,4.357748458158389,0.048615228396659715,-0.08516497055719893,0.12210264864279927
2016-09-30,-0.2212594419637669,-0.1980372831563837,-0.420981133179453,-0.2682455225869732,-0.06689662398883889,0.4445929534239983,0.15779547581783065,0.22401793776618173,0.273071441987481,0.295930741786699,-0.18342152561620814,0.0032627986103915263,0.4289070582797998,0.09479521176154372,-0.15432600662542834,0.24532604880033432,-0.1693722172800146,-0.07950358789547238,0.04318178902498833,0.1657362537196434,-0.10153840811547794,-0.030068171681263106,0.09748801626275047,0.5063480693218518,-0.30809381995229856,-0.28292449756449073,-0.22899694266115359,-0.7820566720994999,-0.010155360082400058,0.24825080291199123,0.11749855956451709
2016-10-31,-0.21950990139520418,-0.48384531824966404,-0.6122211757115802,-0.544819850575126,-0.2524856913490258,-0.08069244079059834,-0.19823050831722688,-0.17931655107567804,-0.1890845623630472,0.17707014258690523,-0.27824112184533867,-0.35719682787609325,0.8078180620697082,0.004863535287141327,-0.37096826707616964,-0.08658389306388237,-0.24251759723655622,-0.30613535563197236,-0.23257945020789345,0.05711006430929751,-0.4210168602307671,-0.47871656326224654,-0.08618648475339336,0.23529899216289102,-0.4518841105877638,-0.39840965138566775,-0.11729367912339389,2.6149332745272056,-0.18803212237624362,0.18205125108700715,-0.08645894298325764
2016-11-30,-0.2002307057510891,-0.27493335456753265,-0.5475817641128952,-0.5947840793863804,-0.23791465845812074,0.03819650027291813,-0.299945381547965,-0.18173967606873537,-0.03791760895268226,-0.04856516273652502,-0.17528482444023047,-0.4273919225170984,0.16752706354634517,0.041531009115889764,-0.4849993121627928,0.0809682306025718,-0.23750079152512826,-0.2888012009155656,0.05193367237076308,0.2594694174057528,-0.35812549862768317,-0.40611469212307577,-0.047842202732714,0.32859853548005474,-0.5097825425836962,-0.48658736800402747,-0.21588838880824682,0.11904777386936605,-0.14003898207304621,0.4916862264087243,-0.03976062699845058
2016-12-31,-0.3166859665819367,-0.4340674498259045,-0.42896199632224885,-0.4998508654430713,-0.23090016577646427,-0.08570249377675726,-0.4225511977395716,-0.32022038026118366,-0.22769789451838574,-0.1288679471578704,-0.20820016559447058,-0.4293731395448128,-0.3009377998199602,-0.021113866221077082,-0.4637436617159349,0.23585826111238448,-0.15668102988454438,-0.32033229362295473,-0.1947659492682472,0.19214918628732228,-0.26983009179099066,-0.34369947363340214,-0.23308871209007628,-0.10043443424374568,-0.5210495517432429,-0.3951949634705333,-0.5236168158029386,-1.1347565009938931,-0.1882080969652014,0.18102991588392825,-0.07238054658267176
2017-01-31,0.12600970757338287,0.015879889555529464,0.1413000289307293,-0.2703055436009632,0.15585233186095027,0.5651578186554276,-0.14512921511306803,0.26881726132227934,0.27524927050785974,0.40711819173846486,0.016735332813572812,-0.014650315279943649,0.3658805809934341,-0.0028695095874077536,-0.14703394737943626,0.5730589204002519,0.06051367249962689,0.49784457425996137,0.24533456678942936,0.523825403223589,-0.020698854267490848,0.2123563484387656,0.18053443860223642,0.945502675824309,-0.07610164520013628,0.12492049464985187,-0.37725640127657745,1.279512039087848,0.05144241964657059,0.391694618731854,0.23828876580084377
2017-02-28,0.2515683840129519,-0.07898310561333541,0.2249487805623484,-0.4225410363546148,0.25319478015388364,0.4697583216922382,-0.11472425360726102,-0.08730716975944065,0.2800135352416445,0.27817548110883167,0.07450958164515561,-0.05687876360300617,0.5628337815148514,0.2699805131777152,0.1805340158349779,0.0606475968373902,0.232646674056963,0.0669288667840049,0.41623357268367456,0.3571346287791228,-0.010002625784697475,0.19969372785854073,0.16124773820477795,0.6474473477401195,-0.04527366740584861,0.03885571611811511,-0.10599234954741169,-0.24905177207577534,0.07247610792309613,0.7358493940663928,0.2857643476997514
2017-03-31,-0.19902496160850947,-0.21756780930190806,-0.11350463453685963,-0.5821641388561298,-0.08190859601413983,-0.09741663860384456,-0.2902261753916748,-0.06023154455008922,0.10846547953405715,-0.08112208943249938,0.04325101224428285,-0.20023838308252306,-0.5313967800023107,0.029234446270243186,-0.13374672031944018,0.26405263184139716,-0.23669929508908816,0.0018441977560251371,0.22950922198865187,0.2749527368365693,-0.3104839048995388,-0.33681362195881037,-0.22108223827777163,0.4431117136368861,-0.17466955679627835,-0.43509494847687136,0.3178474400296217,-0.9957972920394239,-0.13158648728971298,0.1965089686096325,0.16814540884462345
2017-04-30,-0.003201646419688231,-0.41057809721981847,0.2918886319830704,-0.5159106715436211,-0.138153831718934,0.02252643776813694,-0.34438587222650885,-0.2354927998404567,0.0977119154048117,-0.06214023027166913,-0.11568659208295445,-0.36469366294785227,-0.15097253557178694,-0.11013074698047134,-0.10589522238077727,-0.15775946647041073,-0.07916779758303692,-0.1851130607458394,-0.14920578060115175,0.4049686803713673,-0.14130751061295255,-0.04185910893831926,0.00540325743808423,0.4116319596267494,-0.17766115185414105,-0.2984349046940665,0.05925861889493848,0.19897474818406202,-0.18511348706730849,-0.23441060939672212,0.022377853656629063
2017-05-31,-0.0010448605549120693,-0.16893035042556556,0.19842169633391693,-0.3643250584157244,-0.024393158857182212,0.062011413792850884,-0.19230125473445708,-0.22047177058209355,0.2287219279957469,-0.060816858497039945,0.020770742888410965,-0.3417342645738658,-0.21396512964277786,-0.07733539821841334,-0.083850356994712,-0.28012973054909207,-0.03276551175417124,-0.11116144257581395,-0.040634426956396325,0.06158213807429766,-0.190895223749091,0.016965303754930404,-0.19979939000592256,2.206682234481601,-0.013650798695312466,-0.34648404858909954,0.07471294396585465,-0.0921570523289415,-0.12070101774252837,-0.5845794761424427,0.048748236191263145
2017-06-30,-0.04059573331559002,-0.10899621456732,0.18675974268891016,-0.6618929783045602,-0.08803202991947319,-0.1740505806735514,-0.24693942501332983,-0.31472344185185475,0.07750182049278977,-0.07611747745656247,0.11628290626020071,-0.3263776142306111,-0.2614165933722062,0.07321493656856516,-0.27707857299942845,-0.46067470408980615,0.18907713542166166,-0.1223954707073173,-0.2665124360358067,-0.04420710760388391,-0.20347256974687825,-0.16037273631533372,-0.3817997033841149,1.6194328571467826,-0.015818438144008143,-0.5164556340100659,0.1418279119926894,-0.35227385237619346,-0.15004667022799495,1.0148159736378077,0.05399172561026123
2017-07-31,0.29192817924701264,-0.026167706234886786,0.27445324665078596,-0.3460406167290891,-0.048055666344302854,0.21411912732258323,-0.11328308311882572,-0.2817534765540431,0.2806162921366935,0.06361680008475001,0.14852692195206887,-0.24693367125641325,-0.04020194740529759,0.08267736113640675,0.02242735080712193,-0.34628558501374307,0.2885225147956875,-0.006805260667301145,-0.016020432567257707,-0.03267317613805901,-0.026653539882176742,0.05490900471453762,-0.1835347476549054,2.1800747191127217,-0.05764761189255624,-0.3705668416655109,0.23016272784128314,-0.3040954664811645,-0.021480430606304057,0.14278536926188534,0.09593453824895526
2017-08-31,0.15776487350461055,-0.2581393348782835,0.19319904015888856,-0.4703049128569125,-0.05823490744025919,-0.08742947639023504,-0.1517290803410355,-0.2610799398055615,0.17413608119410182,-0.032305508205731984,0.1092438412715267,-0.27712160465891006,0.055136708415682245,0.12640668006662942,0.0710708837392107,-0.2725007357423721,0.10683817859999603,-0.13869225385632902,0.1683178885330559,-0.1215121192981028,-0.09821739709284981,-0.0677688057149257,-0.36260487462649793,1.719548501458555,-0.0773321076574438,-0.34307393831694893,0.17731552286120303,-0.5694302233177312,-0.042515864580167845,0.365923634244504,0.14384707792812546
2017-09-30,-0.02195025392167406,-0.20536942937468008,0.23103752893641052,-0.31846481702502966,-0.04190086142662855,-0.1154667893472199,-0.08299287848684936,-0.30530241664899854,0.14248196116667422,-0.1510565181511121,0.09318184299256613,-0.3545780903186665,-0.3108767803942546,0.14936987879615393,-0.1413403668662993,-0.5790243368876886,0.03361937533778772,0.02162985546560045,-0.12287942635131116,-0.0011292213911552607,-0.11576626235347158,-0.1808084268618926,-0.2510103536506301,0.3601032726830644,0.06789979505918271,-0.44616516078561774,0.14683287180677673,-0.4541302664906338,-0.046988742506572465,-0.08314218348268063,0.1861148702118943
2017-10-31,-0.12912885319241096,-0.440229716346245,0.19151039194727482,-0.5983492379189796,-0.16235823142114048,-0.2768468012982783,-0.3499395932696357,-0.41577221619600063,0.0059655777397529235,-0.26794374885905375,-0.07396188432574048,-0.3698873518911736,-0.36363175377281015,-0.2862180144332184,-0.19618210050034682,-0.7251891769474108,-0.22322503073633027,-0.04071819178999314,-0.29238636496044546,-0.15008044955640615,-0.32672289569232993,-0.425453284905612,-0.4844715772868361,0.01632923492637195,-0.20392232882734107,-0.5437797453781421,0.11125301201243518,-1.3957036135777074,-0.14489024068948786,0.2967559348290303,0.1232641820592949
2017-11-30,-0.19750230747076594,-0.3814424974578924,0.19175603664563984,-0.2483378094302201,-0.23976036644567625,-0.32696923818501605,-0.2994194283792834,-0.4029568205573012,-0.034377683342595236,-0.20328330683065168,-0.11932051029743483,-0.38485065006031016,-0.2722321565395195,-0.25051967768269773,-0.14661212528328602,-0.7539744967565083,-0.15290528832220257,-0.27377827943935396,-0.31902057669455985,-0.15097889473621584,-0.24334205349065252,-0.35328325242973896,-0.4025770228409376,-0.0703367838990494,0.05749577265473435,-0.5376132777476107,-0.023513347291204807,-0.7340294186175661,-0.12050110719633417,-0.05320644631841297,0.008821207262524305
2017-12-31,-0.1369962643031642,-0.2737821110426554,0.2157178886902826,-0.15035453875508387,-0.15594297710029684,-0.27346973956622306,-0.24174235416622625,-0.42584727706537095,0.12500171342142924,-0.1725188337449613,-0.09022463263045745,-0.2937347751884034,-0.33278285753931125,-0.272836332052531,0.08323257014431028,-0.5899549979063451,-0.17063184436471282,-0.029604242127015748,-0.20923872917488046,-0.07229485461402552,-0.20044372407796035,-0.34043829272680587,-0.34097782736152576,0.7383881456280079,0.08287056467192463,-0.44881530634591993,0.040095724250302486,-0.8272462559708891,-0.10336426123726825,0.05864207934528118,0.19055834630950216
2018-01-31,-0.07556199955767348,-0.09954532828921495,0.1579846834892641,-0.14053744599314855,-0.1841598058563055,-0.3872454825139666,-0.45597787831688485,-0.5639936621516952,-0.001483370873494802,-0.39446213378736883,-0.14872170098256443,-0.4760601020922767,-0.5722672760429255,-0.3572575449591197,-0.1742885698935932,-0.6032036544895432,-0.14942402273107389,-0.11139946585767083,-0.2927444641356929,-0.12675394759811057,-0.07629124489345612,-0.4338074116437425,-0.4944377589604507,-0.14621113225908547,0.11741801265996196,-0.41577372266899776,0.11922243930354527,0.46718921133250435,-0.1133445355396552,-0.3647575186524582,0.1965004992854876
2018-02-28,-0.2311124127333804,-0.14853600859094393,-0.04444042630552768,-0.30977162524783847,-0.2813170770755432,-0.4203017090508171,-0.37217246697098894,-0.5983716153345953,-0.15197977443431374,-0.4132231357016162,-0.19364155085647275,-0.4483764843028588,-0.6170865335892304,-0.41891712079831434,-0.35085061130402706,-0.7267521506004976,-0.23200145191346744,-0.26834367863807485,-0.37215436522131984,-0.2586885835095653,-0.33009091616054154,-0.5365204631804169,-0.474176652668027,-0.25066008968234127,0.027197490307488317,-0.7097798251496077,-0.16423442985846787,-0.12009840650328496,-0.2340659723589546,-0.2853913514595119,0.12959398165920277
2018-03-31,-0.12670619809631806,-0.17509538162871832,0.20795183769107883,-0.22272240142798486,-0.11117668000440771,-0.33476260902536925,-0.3243711461120243,-0.7434126404701584,-0.03747294717289888,-0.41370854235625804,-0.2660481901558295,-0.412768898908325,-0.256837549891395,-0.4471329828705572,-0.06278898268760827,-0.859173957986133,-0.16129289434865055,-0.2998132851174604,-0.19255504950826552,-0.17106040387686844,-0.1781426817162443,-0.40549006934071397,-0.5847181212434478,-0.4276633505689702,0.07180664350211029,-0.505874345325047,-0.18782063932500176,-0.07154467231689732,-0.17664669983730028,0.09125529497678643,0.08446421207434965
2018-04-30,0.09353433031813069,-0.02063203738009662,0.0985748500653724,-0.0860588634807316,0.08791189994031805,-0.14659902554404627,-0.2679037657394387,-0.466502447530901,0.06034783235074567,-0.22448223746341384,-0.19919675157833183,-0.25688037883162146,0.020037848865060215,-0.42967809153807845,-0.012573723636084055,-0.5586816246568059,-0.1756487737963382,-0.21059126973916437,0.14990109592529888,-0.24640459906855125,-0.1403023656361604,-0.05263822266957657,-0.26261284691119735,-0.07467292712789625,0.27462376300532265,-0.11387138497255245,0.11552682650954438,1.037060199614021,-0.00735108076227553,0.051896498531093974,0.1887929304766484
2018-05-31,-0.11637725793913628,-0.18063416051059145,0.18192496957692478,-0.023906674509321296,-0.04159314494052348,-0.2719255821496997,-0.2648648310130433,-0.5333124196897703,-0.027119850365717138,-0.31466086123614784,-0.2135853563500051,-0.29185103943629087,-0.4769401408613066,-0.3976321961734438,0.021524143021508374,-0.4989393304400558,-0.16874012787751888,-0.2983959162822576,-0.22691750656649237,-0.09956627386585566,0.003735970631686642,-0.12139549886017434,-0.38215639928846024,-0.50015035886084,0.03976376512663288,-0.14659726190288644,-0.007508960256276731,-0.842933866159927,-0.11852780323838452,0.3917285812663047,0.23020058299233118
2018-06-30,-0.23337856356784487,-0.2859241890679203,0.0011912042702997838,-0.2919293073186835,-0.16020322924637076,-0.35724114704864524,-0.24934453534879517,-0.4418456574183278,-0.1501645668908352,-0.40863823064286,-0.28793883355312755,-0.3548358912691009,-0.5800452596534484,-0.453085340332807,-0.24512299580618,-0.573279514077871,-0.24367871215574743,-0.44308235622374764,-0.3945057916980728,-0.204741951249283,-0.2191980005012899,-0.19953252863795554,-0.4815755486726662,-0.5773533024358053,0.03404268743215334,-0.4205582145443144,-0.06282119703645417,-1.6422300404910057,-0.18725815170023763,0.3114656145612076,0.05676970342991344
2018-07-31,-0.19640875801432545,-0.25571644925115383,0.08943349393991504,-0.07460984429127909,-0.1378047420362324,-0.3245131901988893,-0.20637567612883836,-0.49764863912130414,-0.06831836697068977,-0.3458127035682478,-0.2025567949008475,-0.27594091716728397,-0.5018035473393034,-0.4231494550953575,-0.0359372376142156,-0.603139221126156,-0.26185719465658924,-0.32506065563751196,-0.3035105632865145,-0.07417245516224746,0.05080333560590319,-0.23657025217347522,-0.5539639151295159,-0.7539574925847778,-0.013217501266888254,-0.4124497551010026,-0.2954462043281866,-1.3051709672611047,-0.0822905617454387,0.38668811331106595,0.07183594370124091
2018-08-31,-0.3043654797528934,-0.28328400204673754,0.01294920450970416,-0.2768296656097063,-0.25867752226953533,-0.3356235537688634,-0.1591487682701831,-0.46421021601619245,-0.14608962975567877,-0.39502081168430514,-0.26547063523802156,-0.29402136501095344,-0.47440673096194236,-0.4061703320952982,-0.14590894828684745,-0.6777138069693183,-0.37360580969059376,-0.5442008421946711,-0.3178157059740416,-0.054757272976721255,-0.14498526020512537,-0.27746596515946587,-0.5406047099047633,-0.5206537481099734,-0.10633698307552611,-0.5052903491892033,-0.2553588041364591,-1.0147880128532534,-0.1225452933912221,0.19038190596173396,-0.009345555777695441
2018-09-30,-0.2590231442437083,-0.29119937360724857,-0.09445889383395595,-0.25216668639456924,-0.28781490689715833,-0.4587706294284156,-0.2435027312244559,-0.5229208770208633,-0.19941423885946621,-0.3733595149122805,-0.28509969939545277,-0.3759616062884991,-0.4374453093708488,-0.5370945760954435,-0.326351027277449,-0.2883762907116811,-0.41704644864541573,-0.44457916568231315,-0.39321533668572894,-0.12161668749238959,-0.20607119241273916,-0.3219631683448028,-0.5610449489863896,-0.3577177974736778,-0.21205721765849972,-0.542036277812472,-0.2960571337696267,-0.33778433720762235,-0.1549484234255064,0.2211152688392822,-0.09602225190452249
2018-10-31,-0.31648753785292927,-0.39191893763664387,-0.2511886432432526,-0.13210838206015188,-0.26279328637139876,-0.505963748301842,-0.2696812166180984,-0.49305310547714964,-0.3547257375074758,-0.558280045034264,-0.3038897081440865,-0.43105904722404914,-1.0104421556408143,-0.5309689456946998,-0.5620582943778201,-0.13594345907745514,-0.3849274691103765,-0.5908041020073176,-0.511577305721413,-0.252019814990863,-0.3161727803541131,-0.33421640889456405,-0.5606989956932547,-0.5203389822538366,-0.025957083654998936,-0.583097177252718,-0.17210989160039042,-1.9570560410003535,-0.05560693256287644,0.2641790245631491,-0.2778902850824803
2018-11-30,-0.14169876744419274,-0.37831536895862333,-0.16118483602000477,-0.2739042604982261,-0.29064448741110993,-0.42563379377985266,-0.2394250675903912,-0.6332418930607078,-0.34765421309041755,-0.46981106872669154,-0.3375767005626924,-0.4036773258514548,-0.37539162152196354,-0.5814195970345115,-0.4772311601844293,-0.37099940430914796,-0.4119320400850361,-0.30964021999503055,-0.4907073102286362,-0.3395379884996241,-0.3361829525538457,-0.30106584732713426,-0.5794551363424929,-0.5268467179487073,-0.20245196942457588,-0.41474100536990044,-0.3068905614142525,-0.020062886943641445,-0.19280946515288908,0.081910021682288,-0.27462134487125167
2018-12-31,-0.1489952119716932,-0.22864555858633145,-0.14209448041796355,-0.1444342104747175,-0.281918735118474,-0.48572734705634535,-0.30420630484524425,-0.6050748372985869,-0.39061972685726404,-0.45993107012082124,-0.29144565331777716,-0.36617382392479453,-0.5719616875546509,-0.5651072473759756,-0.4110957877507097,-0.3281563760742667,-0.42289085516395525,-0.36554091488149726,-0.49755795801042446,-0.4437915051741071,-0.1437750912749059,-0.2949479110085897,-0.6463090824772557,-0.22895454719643993,-0.18943750751693156,-0.4486437202545573,-0.16907361891058453,-0.8099097978144678,-0.17920471148954323,-0.02565231319020355,-0.2910925985428847
2019-01-31,-0.248233341279006,-0.21752353056585388,-0.013795742736414762,-0.03548735078000045,-0.2341048235550705,-0.44188296540998834,-0.17587614463900447,-0.21716524471648624,-0.3482851135230455,-0.3999492806918305,-0.16551818782631827,-0.4080365564958976,-0.5905286677955079,-0.43494555183542116,-0.5387850649075981,-0.39718052623294614,-0.42261083334586724,-0.2046299766684297,-0.5241780102621281,-0.21695684245512847,-0.32457712699441943,-0.3428787577599146,-0.46175537705928094,-0.01680666017519608,0.19253820688379986,-0.40287160479855916,-0.7025438587502543,-2.273127612475239,-0.17076671276202637,-0.6014147131111686,-0.24632441726644277
2019-02-28,-0.029781751620818038,-0.20091501142998106,-0.061289756197933004,0.04153050814790164,-0.10167291329281355,-0.2778644328853537,-0.09455078276923501,-0.16298730103788162,-0.2951067213558441,-0.3649431361679303,-0.1032169213329924,-0.3163994586516024,-0.40084839073041306,-0.36822982185750447,-0.36485768148015724,-0.2560003559161878,-0.36177930788707097,-0.170701168343245,-0.1809040218201366,-0.21065850117546547,-0.30683687864035897,-0.18095614564894316,-0.28275208872557295,0.05240012471817719,0.18893224430226035,-0.4748469109450109,-0.28643970606998825,-1.5729937295362078,-0.10848818739652337,0.10733079784933708,-0.15310899977599118
2019-03-31,0.2974409535084684,-0.023254260489675913,-0.17194710663243562,0.2868385467498107,-0.20493649064801622,-0.06822640351974124,0.19519401479034054,-0.4175591868506594,-0.1555015677343734,-0.16752307769524655,-0.153030757371385,-0.22113477269616688,0.487279226100086,-0.16868606770810282,-0.22918778652684446,0.07249259827460318,-0.2318652486555719,-0.15149540494561625,0.3028982085201674,-0.20705729345384188,-0.26937872668122725,-0.048623659579209264,-0.15633484899567354,0.1112159275288979,-0.012365270996548439,-0.2629865338008046,-0.20427930311288728,2.955602902039562,-0.09251628948048515,-0.25561512953228394,-0.017750675336028643
2019-04-30,-0.06274712638084418,-0.19588648031813294,-0.001125913409751246,0.6933046741079173,0.00827386761353141,-0.41740773512821927,-0.10232866118083525,-0.024914341975945747,-0.14351357220040672,-0.29209727029405236,-0.028269434361536935,-0.14642533497516147,-0.5009115680119001,-0.2526653339187423,-0.17699140960790422,0.09449448872311078,-0.39532363634002576,0.1266733680652935,-0.18412709879838532,-0.12384167036615945,-0.021195142283549295,-0.12100061935318354,-0.3848477880002371,-0.16981016183996922,-0.038452356054572395,-0.13162723145095853,-0.25157672900602535,-1.9928360227734667,-0.024422152581079312,-0.12202518192633105,0.03216723927012727
2019-05-31,-0.11932674613805264,-0.20329550131516483,-0.07488123686583187,0.40879504769999986,-0.25129044580159,-0.4741822993796117,-0.07329738873107375,-0.15974451740662324,-0.2656948047016211,-0.2776514830116104,-0.10301822034888711,-0.19266544178454562,-0.1691669602192048,-0.2534292102990193,-0.4337799030460146,-0.2673252774845124,-0.23745655029183882,-0.0239161068585676,-0.43606651947333663,-0.09921173825466023,-0.45745448859442234,-0.37348450442171977,-0.4057888982168283,-0.21986711496942393,-0.09645713422373559,-0.47775013763222446,-0.2935972498669701,-2.1787845315058156,-0.12610162465487657,0.06966761432319982,-0.15577259387013867
2019-06-30,0.088416577585673,-0.008176865557778107,-0.13324299483305718,0.7376197692853724,-0.017029948748997686,-0.16592980821409137,0.06353366969754552,-0.1256074897661017,-0.06569291383343473,-0.1799388991441081,-0.022346550221970046,-0.0987312772977727,0.335492475048474,-0.09559210135341745,-0.2791940585025021,0.06608310280916402,-0.21268593274980713,0.26053727225630385,0.0439445573632405,-0.14503627360541166,-0.12337263310920844,-0.16612740615068108,-0.2896393719551963,-0.026912460380400932,-0.03341084069190951,-0.08628829706633609,-0.010962852432590986,1.8305563866680459,0.055397629767015844,0.044748120229192015,0.00881176605838449
2019-07-31,-0.047665116176731,0.018293269320577732,-0.02858704439143296,0.6030029390881119,-0.11610762372151448,-0.3902889398082952,-0.18167772386185632,-0.12681051009078903,-0.16940031079601728,-0.35351207547026786,-0.12001778828179877,-0.15733116067365815,-0.40234017938057415,-0.22360819152276448,-0.3908014108058858,0.06210366017774044,-0.24966968656163657,0.10551847062862674,-0.37642108896274584,-0.11182400072701551,-0.2716010881977892,-0.14096955110979906,-0.36922445557231415,-0.05975709408259579,-0.13032176258440348,-0.34323381244723805,-0.24073614825718292,-3.4253683112380644,-0.03391781939676332,0.3084735746460796,-0.03475472977926819
2019-08-31,0.1553692594593485,0.14819930805389675,-0.09400715420189439,0.868809466944279,0.07646523052335344,-0.1569409322691058,-0.07224006140275156,-0.2043188670394087,0.06525678105243007,-0.2330426356593293,-0.15432012333617134,-0.12099838716731907,0.15950078314121646,-0.26396305929796043,-0.2295463385313801,0.04588647635352225,-0.13258334004849354,0.39477503495254596,0.054705331571744786,-0.15704261521911794,-0.02884182539268028,0.0696560229895013,-0.18555794349286564,0.1889647952763363,-0.06714626114457234,0.006055473346379264,-0.2074770662516114,-0.5827145263066262,0.007802930204070531,0.022570075276097973,0.1539334310755148
2019-09-30,0.012046012324043176,0.146007170795607,0.09220165601470232,0.3059905986536832,0.16438352360516092,-0.1073175105966753,-0.0779102397519317,0.213234368307332,-0.030105537047660835,-0.1483088465932551,-0.09891971435344779,-0.09383932921277197,0.24725368801700376,-0.2817677622781148,-0.17030983138740324,0.13594244301584568,-0.10054262282963894,0.3490585686866877,0.03278551335325541,-0.030883461347737395,-0.04984427220606849,0.07412231133724242,-0.17308395120864917,-0.11923298285747086,0.07933857469202474,0.2952076335170024,-0.1526450227430443,-0.016325391644498755,-0.010971733300781843,-0.020929187964644456,0.07870696095559726
2019-10-31,0.14917628140798597,0.4652394087856616,-0.03396098778219498,0.6847316307772755,0.2730986028149297,-0.01167373389924703,-0.04050550423462275,0.021168085468626655,0.17575545337653214,-0.13032093456178603,-0.018425777358585523,-0.07201532900404116,0.5321352747788991,-0.1867735238928125,0.008640943699375875,0.04756864286077486,0.033405156164670866,0.41341182594165693,0.3720563358330061,-0.032132765405695776,0.1270260221423392,0.09422812709982528,-0.04278575387296646,-0.14881155402419902,0.07386045294644789,0.2645869630707486,0.1274421769246906,-0.019557724814161015,0.01650683570872546,-0.2574530603302857,0.35158493090253407
2019-11-30,0.05798283045902637,0.3621518844701548,-0.017870663805982328,0.22207715500101985,0.07528320875990069,-0.27140956007840933,-0.11249864069619432,0.2025248776489934,-0.006012151332964649,-0.033815545124552204,-0.10347800547956072,-0.1164846645206976,0.2111549304939253,-0.21886896765731462,-0.015837512537626663,0.03812943102593222,0.02646972205169661,0.1720426188319446,0.190126152518389,-0.017348231307937945,-0.08016785050312991,0.085282003037857,-0.07876036229902672,-0.28235129819434013,0.19653779189931755,0.2911228754140354,-0.04862682031084945,1.0034841008644801,-0.0020181360310294397,-0.2431483529612241,0.17405301868557801
2019-12-31,-0.03831361458965203,0.5339635753130266,-0.003201736272662371,0.49617693771003113,0.4187405086014434,-0.19812648879450973,-0.13815127153251205,0.293794903893023,0.22003269010774126,0.05139203686746591,-0.06242131252932799,0.036469602605160995,0.512458409367518,-0.2648580257262733,0.2007772001472766,0.34571237253605436,-0.047968768007246615,0.5027021677829138,0.6142903432036332,0.13771148040209746,0.28419407881561093,0.1493136126870962,0.052121419149089354,-0.12491884670603925,0.27038214958479084,0.6572979769307519,0.08511858951521106,0.3427156040160282,0.11784936272137503,-0.15737169666379408,0.3058609306461647
2020-01-31,-0.7231633163711152,-0.01794273174942934,0.41437301224025946,-0.9131888260661982,-0.32751284516482104,-1.0156479651644077,-0.009256985752083197,0.5312096106831733,-0.4824697988735757,-0.3831301311628741,0.5599171860922573,0.30860017152674546,1.7092554666962791,0.028712814913023577,-0.10231383687122193,-0.8230803738038918,-0.3969031902804426,0.4120125925947776,0.29278522680505403,0.4718943159169067,-2.3668273813187093,-1.2035201964336462,-0.3303944398376112,-0.14917043015592737,-0.048478199005835,-1.6312259074137703,0.37139625991355096,-5.249981820446771,0.04450320591774243,-1.5738166474591404,0.5072456518609787
2020-02-29,-0.44856242050275363,0.5749544020471384,-0.0384299802401944,-0.30777638826592413,0.1382812014520285,-0.42148586890832757,0.3040340547124115,0.27335959066307025,0.06353647516030622,-0.19490897776480684,-0.19244073396001948,-0.164167996391798,-0.03577823206708451,-0.0881151714881983,0.5432144209902239,-0.9004831601030405,-0.4801547881925351,-0.010413916152567454,0.6313762227527498,0.22411958628291107,-0.6328975729120407,-0.3948077164387745,-0.20111209297439714,-0.13675171590665833,0.19097564216988752,-0.24911529928984694,0.04646216606406626,1.2795493734109626,-0.2274726605641976,-0.09199905541883051,0.1111354162748962
2020-03-31,-0.43446456236678505,0.42998228907431996,-0.18789599042792857,0.3562453996500018,0.32818703947025285,-0.44372116823273966,-0.6378596982443473,0.045736501587192946,-0.31513834627182663,-0.05334997272936566,-0.14782936364868343,-0.20260239828219975,-0.8782097239917207,-0.8486898036218943,-0.27033895769828076,-1.1778356977066207,-0.15511545624753365,0.14819854518999506,-0.10577451431650484,0.41866655550090504,-0.23809418682732525,-0.7304264014105414,-0.3067393294011252,0.1717304057721989,0.01811078912079625,-0.5925921080867853,-0.4135937771971417,-4.76588334321634,-0.20500715911590262,-1.7361993177042268,-0.0980713000372737
2020-04-30,0.1984552439987486,0.34307385265787427,-0.33687660247357115,0.18121478104615252,0.20514896952279732,0.06252819908269108,-0.1429139044921685,-0.4285057391868038,0.11637021852813528,-0.1571800525590025,-0.19353473369967142,-0.3058208080827747,1.280852818986835,-0.488365383681469,0.7276688522428967,-0.15800344016950063,0.261131404700911,-0.07279717263998903,0.9639607041291604,-0.040750635098446286,0.2582630728532821,0.34832906148515375,0.14487808523239998,-0.41445363708606864,0.4401920034969878,0.41663706253102906,-0.234307811524486,6.859235431050905,-0.09929201546762012,-0.7711100044437722,0.0637501796350109
2020-05-31,0.24598087373039196,0.4161180436230809,-0.2475457782381488,-0.20159256326143343,0.34944029787202147,0.11712418968619562,-0.3878363681140131,-0.03978523782864224,0.0437409689883112,0.05634802873107189,-0.08312595084163156,-0.24776300045393607,0.18003581786369433,-0.4530687488170122,0.8441416715559722,-0.6903614464253258,0.19915615520522312,-0.012198144277732637,0.6053198396836278,-0.15324434774170306,1.0799625145354275,0.28580581416836287,0.5143019474272158,-0.09928444628929428,0.517504885383565,0.19916053569765238,-0.08522682619228492,4.190336712345029,-0.11311736414861849,-0.7748831773576693,0.20365541024928288
2020-06-30,-0.045386413417552576,0.6467444428294962,-0.31870431475386135,-0.4455912204746388,0.5018978221527414,0.29709899732103595,-0.0560154129549173,0.27815386086699107,0.3324430706349462,0.20991268223495207,-0.07475827866445198,-0.056652995817830634,0.5350723060180365,-0.10030250778850958,0.4584091704786772,-0.2776873298298889,0.12093972484564583,0.3544750682434998,0.7998051779185845,-0.23649819295591235,0.9465879584283792,-0.02098109519457748,0.46314728433188784,0.2660782682789592,0.589887132097933,-0.27491244037340595,0.5810329188779997,0.19090492835749462,0.0022916712524731903,-0.37187560614664406,0.26199839540605696
2020-07-31,0.23841407043074514,0.7428589404805758,-0.014862489534117507,-0.3722881642317977,0.6579534863111106,0.5788189743969316,0.4024389494321576,0.2015091621060957,0.3076008769279804,0.4044657397895813,0.1892521883645022,-0.17211777251923874,0.08562564921065166,0.04199555098034377,0.6193152496794342,-0.3880889792762191,0.08376303129256188,0.44847089781476535,0.7192984648662628,-0.12630873884138435,2.4255108658268947,0.48430950952781254,0.4674681869449587,0.07653677266792111,0.7540718971888457,0.31204828573313576,0.11974011304933282,0.7131339598130504,-0.1325988288999625,-0.9135223354054807,0.3738519324448088
2020-08-31,0.14007442114667906,0.2807497928766589,0.06161832513558535,-0.4390729561757653,0.6764769700659993,0.34968745706575793,-0.0704779932279389,0.4538587496147499,0.35682028814069866,0.39982751792950716,0.21596058238139854,0.0029956541714913493,0.23084537051901238,0.1440016905218823,0.8171956873531537,-0.18869612154295726,-0.01726452215624447,0.43589187879217617,0.6256244302616674,-0.15435048640247526,1.7163042591990085,0.42274508806468664,0.4873732240666633,0.021422144596739412,0.5488114667096404,0.4786264555910539,0.34090020226234513,0.43765598827741314,0.03979028783517109,-0.5585906224793461,0.42352034172602293
2020-09-30,0.1667162205191714,0.44811755880398924,-0.09735592847532706,-0.41223860957169983,0.4496962703667827,0.331371368444896,0.03494611737240971,0.48944796173728644,0.4029876428793571,0.3033898260287644,0.009242284416017252,-0.00557657376428089,0.10294757703490061,-0.054582187590305344,0.5748778568032868,-0.28167904039993524,0.13784291003442672,0.13502273397392955,0.462162814128062,-0.04781793422117747,2.593434547634892,0.2926625065962891,0.5290746846512231,0.15133186073638116,0.49925879231529247,-0.10654796475930223,0.13454433653588396,0.8750882937928391,-0.026664790048602716,-0.5239680975538512,0.3376856257943736
2020-10-31,0.18193273350738748,0.1864122809454325,0.054521155742785876,-0.5712953226041717,0.2201598262990618,0.234135674955067,0.1283889197105276,0.21948260550695683,0.2874184349591974,0.26302473414729777,0.17279407409508976,-0.1631640016316936,-0.10188260336775025,-0.0063196051344712595,0.7052719790914952,-0.4813170649502343,-0.2749729608985373,0.5501869642768692,0.2790325687770083,0.012885430583905483,2.645040634076253,0.3390240857421982,0.2691431651517815,0.4539998330219811,0.27605463493744153,0.21172778828931782,0.3761837138448032,0.8296984985691973,-0.15940916665893748,-0.6010706026277481,0.2427661127221471
2020-11-30,0.34623064844312595,0.1297599575839014,0.04059560153443546,-0.5005989425207301,0.17062257085967408,0.8811502163436198,0.2442307236250188,0.3343334348252695,0.43910748891769436,0.27553569438259057,0.20383450597840158,-0.14156646822496993,0.3767512921972698,0.388578916139376,0.59656657622185,-0.18467365430615723,-0.027065091998956986,0.2164286968379378,0.33085835202414504,0.23861361573595463,2.6094653157222383,0.4234190588119554,0.12755305242461115,0.6124519938668654,0.35966371346426856,0.14163800315606087,0.3107708281868621,0.6460324797707024,0.030548189084685345,-0.14395233252413842,0.36094413371115175
2020-12-31,0.4262277270704096,0.21691873290082697,-0.0875756479131562,-0.42447169341471574,0.40223762974163757,0.5101306066020143,0.0811301268036029,0.34594418340223315,0.44979943791780946,0.11863430595506279,-0.03616656153802236,-0.16020659710523966,0.13956561000612006,0.13971959836919629,0.5210765888807589,0.2828434425503857,-0.0025705609330579846,0.680966595053103,0.4326687941949119,0.19628988588223312,3.172287127793602,0.41880358415983643,0.15816378612125725,0.37420147769040524,0.31152926001664283,0.1746415331740466,0.1362196738926437,1.5588420441244546,0.05202915647829159,-0.3134951645091216,0.5456701138321622
2021-01-31,0.6903908726854153,0.27654450393700414,0.11911166695244685,-0.08861463307532802,0.38370636256321433,0.9056571755963339,-0.030339516460309475,0.5641401150588784,0.7284805290126808,0.7220298434037352,0.1411063516740616,0.2787747439901955,0.19994900586549413,-0.4563508687765227,0.6852084735218369,0.5354802933092682,0.2002835978171858,0.9477074375927739,0.0790508669183401,0.7833523168979013,4.303710554195101,0.5298079600765134,0.4405638120223522,0.16650948554318762,0.0039051696109298484,0.6444157521986758,-0.39620460561093546,1.9218152176434073,0.3635915129347118,0.3808477638189456,0.9012085782219925
2021-02-28,1.1519434269168707,-0.024296312549375115,-0.1555689516073804,-0.8513904656363346,0.5598644605055546,1.089103334249566,-0.3758036732406576,0.5303652655184983,1.139858924383355,0.11704827240857982,-0.1289951068479755,0.09209925007540974,1.6504624076251406,-0.2355660607158352,1.5303020823034714,0.6683877370783731,0.8158945794293462,0.17434073332203226,0.19885785048444726,0.5928001715282911,5.038749517297997,0.7697157734762319,0.06806448085556477,-0.45352908809915565,-0.26798327167621583,0.05131822600693178,-0.7310992965252961,3.6589688611439266,0.8689050112170258,-0.2598324214605794,0.8712939372188818
2021-03-31,0.7431540626345425,0.20064568123109147,-0.042572966930470274,-0.22245356459439958,0.2115941212667329,0.8485783627488959,0.374457164346322,1.0536419801439019,1.0368599614346727,0.49120982563181215,0.27218698439543365,-0.05885616669933302,0.38547824221385996,0.36158461370682854,0.47436093598317364,0.5701379786126521,0.19718340290076525,0.09326438336122694,0.6413871160382187,0.6207468435779422,4.870975334778812,0.7062458877844936,0.17973768140739652,0.4877327829291158,0.2140434129456744,0.6198209802658752,0.28666841983089675,0.24509466758404264,0.539248544574413,0.8168531734252829,0.8638271420541385
2021-04-30,-0.012184589815031871,0.08066547024349106,-0.18787210261183546,-0.5167883424624851,-0.24738422653948977,-0.0538929358858273,0.030850977110957578,-0.20473796604783048,0.12359168833507822,-0.047485069843910016,-0.0997627343775207,-0.1356949269304816,-0.3680077054910643,-0.4943999106333935,-0.32867901548982015,-0.058965462962905696,-0.15251074914202864,0.47222722520806587,0.14786454854967002,0.32604156778183985,1.2827596267541344,0.16370632481313335,0.157276251260193,0.6289380450027173,-0.5483876250568159,0.3583714997498943,-0.3032787535278628,-2.457960048608851,-0.15567588995720283,0.36896820316518997,0.1688430608027301
2021-05-31,-0.28606685713962476,-0.44004463652321757,-0.08470783331597205,-0.6409528441024016,-0.42766809988611104,-0.19988941812836794,-0.08758252798864945,-0.22185721221958826,-0.021262791597814683,-0.1898102557412608,-0.11952107914503614,-0.26915435139788324,-0.555801558303612,-0.07768053059434135,-0.21540337974563262,0.02465913923000783,0.0827895118344778,0.20492786532474305,-0.503543057665991,0.09336894323101078,0.3321479058283153,0.2241905778714185,-0.026192945518270415,0.25037036042595895,-0.41833426584238464,0.0435674270646835,-0.5204195233251855,-2.4861501285334033,-0.035228629306201464,0.8583505300282452,0.11905754867003422
2021-06-30,-0.021300784052181332,-0.5118757792257717,-0.08232026079884978,0.1899419283732764,-0.15109886347269658,0.13275167577034575,-0.14297548403456478,0.05675777542601523,-0.08342661322556422,-0.02462660390152996,-0.09271384914115492,-0.10888177536875879,-0.19704413646011187,-0.6227089400916511,0.021173103471192112,0.7107517679495121,-0.3608839415148277,0.3451110201897656,0.10714042945596386,0.14742289057527153,-0.5999008430550518,0.20563388674670427,0.17007051961375377,0.32688004264489084,-0.44966675157380875,0.49994427991405177,-0.05031287221622169,0.6797712756635121,0.049079447490109576,0.6795376754336573,0.23092199503172955
2021-07-31,-0.1773018865224103,-0.3990860535983255,-0.3514616061927061,-0.3280855233617467,-0.28066070184726705,-0.24853828260944838,-0.06918971241766568,-0.3449213304281999,-0.2772838101387942,-0.3627535061582155,-0.13634351937704667,-0.36925115967864425,0.024277072056128335,-0.18855885386971036,-0.06313408917635904,-0.0546183287679806,-0.1076080459294045,0.11642879562811564,0.16283651490617254,0.20104962752722366,-0.5313085328708061,0.09860430256875626,0.003945083193559358,-0.11424880968903067,-0.3538119259479667,0.041043821925989515,-0.12276954156694939,1.2787729128527714,-0.11208873869436974,-0.1028050990068631,-0.07463477403302589
2021-08-31,-0.30716839409452523,-0.757159590871505,-0.045431516232884495,-0.45086250003667083,-0.6107427952502729,-0.311588022645264,0.0376761279377281,-0.42104402177234984,-0.38457542071182543,-0.43707109299808017,-0.20145659500084656,-0.38266294838535186,-0.5722443316566307,-0.4063282745216774,0.10431052971632823,0.35891866848209497,-0.4872133761322818,0.19720886375851113,-0.4979439184743999,0.03892072558716081,-0.7519395238424905,0.008279002919512474,-0.049081535920904334,-0.0005493487583042578,-0.4838504027042591,0.15342216156457394,-0.04299654876241306,-0.21732584344019376,-0.177047217644293,0.24249150329506328,-0.3641848099009293
2021-09-30,-0.41408504021639875,-0.45793390824952135,-0.07778144323168938,0.9270683795604467,-0.2593455819168176,-0.2053270042038067,-0.11346522321178867,-0.20360512259005925,-0.47808117121243865,-0.20218889917412147,-0.03359969213594395,-0.194404872436432,-0.568782113203878,-0.2265133735386871,-0.5237203145460657,-0.029586423810252935,-0.2635470772422891,0.340959135989655,-0.17173868462630693,-0.13563206586194387,-1.2499310045718584,-0.3071592997043143,0.2104830643531535,0.39914121933761404,-0.32351359436734045,-0.46644494861442143,-0.270205684634234,-0.6557597330037717,-0.19386687943446823,0.7035848111330846,-0.01850793709112724
2021-10-31,-0.44320442318197684,-0.6674796841717712,-0.13682179367670105,0.15488767385866997,-0.3592638388111069,-0.09333191499127058,0.0186867503457237,-0.2201450152355434,-0.34983955140904344,-0.31598038497168984,0.13335937793144964,-0.34452409184680394,-0.4176953550008141,0.1274485402881725,0.027722339569538318,-0.4186241962827979,-0.5341830925639661,-0.039896201790332486,-0.25667852391842494,-0.2659432543500817,-0.7447582218490342,-0.1638508105684044,0.343766776790002,0.019181716714099795,-0.2992817871562469,-0.09875902730711533,-0.0014534487542754854,-1.2035570849231088,0.00607332388353346,-0.0509962915159361,-0.0006951140918421764
2021-11-30,-0.4402133385939737,-0.35783371850804435,0.06983943704592434,1.2536190088753194,-0.18475241694378927,-0.21782460802812775,-0.03282716776984859,-0.20023484711390033,-0.375256588388773,-0.21231080202903144,-0.06403902539836943,-0.14582937173262334,-0.6738140331802808,-0.294772893282991,-0.060859615736466095,-0.08945354725894555,-0.4358911525656804,0.8642392299849097,-0.3071166562896287,-0.2970409271057868,-0.34102404683634985,-0.30780128059036177,0.2685172407189215,-0.005304957061841309,-0.17029743662668376,-0.26974961138433234,-0.0397176002677886,-0.7243888436639638,-0.25377791959425555,-0.19801085097156124,-0.004956869069519823
2021-12-31,-0.266211354738492,0.10208611447127264,0.29810931920192335,1.7821038551517412,-0.21856023834543922,0.1710109046921594,0.1753365171179784,-0.2893553738222658,-0.35432523542643896,-0.012662118960509977,0.10965319741286035,-0.013091933647085358,-0.2121052339490883,-0.22611402996843916,0.07399165291350598,0.07632626808268467,-0.01796749593665109,0.3481287179762348,-0.09102441158325283,-0.42193984028032383,-0.3089750903421947,-0.34450715355469214,0.4988343892623168,0.10619266055717905,-0.1211250594788438,-0.14788457982712683,0.343520058899916,-0.48074206925461804,-0.2158031571828742,0.03308906485107492,-0.16452961527715523
2022-01-31,-0.3189104212646947,-0.28831501410609406,0.2628714770181648,1.064036143030997,-0.2666580436809776,0.38051367182235724,-0.06636958942887519,-0.0723596141225594,-0.12477348955968039,-0.032337099247465036,0.3819781571756534,-0.22842369597050471,-0.2112037189561696,-0.24229637127622178,-0.05878373041815842,-0.17207715404295973,-0.4279277615775482,-0.467361480225369,-0.12814662975054478,-0.5269393424352469,0.08215056781855407,0.019040228522757635,0.5827787812013485,0.233394764439253,-0.19007794940425476,-0.05081319731875571,0.09148829313337846,1.9044618876464696,-0.1945303474265039,0.2529126176054668,-0.08581027566037994
2022-02-28,-0.30182807551338464,-0.19139539400599803,0.3494441500044657,0.7032242901302387,-0.2412124185803034,0.08498254192228624,-0.032552304057919354,-0.11264815991099739,-0.29757260502759464,-0.1532175591474112,0.17245873818615867,-0.06292987888157892,-0.3500818397187168,-0.3336419344442772,0.08313267922382257,-0.012734242155445802,-0.01446909140300362,0.051448810093421955,-0.3163908544564064,-0.4627603972522468,0.7486484340340258,0.0341205667306769,0.7133030565544409,-0.16333317802184794,-0.053060734913648155,-0.25913743744867707,0.05397207765072094,0.06984093616765419,-0.2565023281126415,0.24169322604441165,-0.18126323138265757
